,country,country_source,period,sex,age_group,Dx_covid_season,population,mx_covid_season
0,Belgium,Belgium (Sciensano),autumn 2020,0,0-24,2,3235568.25,0.000618129442950245
1,Belgium,Belgium (Sciensano),autumn 2020,0,25-44,30,2977154.75,0.0100767351781092
2,Belgium,Belgium (Sciensano),autumn 2020,0,45-64,438,3078405.5,0.142281450575631
3,Belgium,Belgium (Sciensano),autumn 2020,0,65-74,935,1188168.0,0.786925754607093
4,Belgium,Belgium (Sciensano),autumn 2020,0,75-84,2080,702065.25,2.96268758495026
5,Belgium,Belgium (Sciensano),autumn 2020,0,85+,3573,332727.0,10.7385333922405
6,Belgium,Belgium (Sciensano),autumn 2020,1,0-24,2,1583142.0,0.00126331055584401
7,Belgium,Belgium (Sciensano),autumn 2020,1,25-44,11,1486220.0,0.00740132685605092
8,Belgium,Belgium (Sciensano),autumn 2020,1,45-64,143,1532887.0,0.0932880244923468
9,Belgium,Belgium (Sciensano),autumn 2020,1,65-74,332,619560.5,0.535863729208043
10,Belgium,Belgium (Sciensano),autumn 2020,1,75-84,886,397926.75,2.22654043740462
11,Belgium,Belgium (Sciensano),autumn 2020,1,85+,2065,221428.25,9.32581998909353
12,Belgium,Belgium (Sciensano),autumn 2020,2,0-24,0,1652426.25,0.0
13,Belgium,Belgium (Sciensano),autumn 2020,2,25-44,19,1490934.75,0.0127436831155756
14,Belgium,Belgium (Sciensano),autumn 2020,2,45-64,295,1545518.5,0.190874454107149
15,Belgium,Belgium (Sciensano),autumn 2020,2,65-74,603,568607.5,1.06048548427518
16,Belgium,Belgium (Sciensano),autumn 2020,2,75-84,1194,304138.5,3.92584299587195
17,Belgium,Belgium (Sciensano),autumn 2020,2,85+,1508,111298.75,13.5491189254147
18,Belgium,Belgium (Sciensano),autumn 2021,0,0-24,2,3234925.0,0.000618252355155065
19,Belgium,Belgium (Sciensano),autumn 2021,0,25-44,24,2979996.0,0.00805370208550616
20,Belgium,Belgium (Sciensano),autumn 2021,0,45-64,190,3077196.0,0.0617445232607868
21,Belgium,Belgium (Sciensano),autumn 2021,0,65-74,333,1194091.0,0.278873218205313
22,Belgium,Belgium (Sciensano),autumn 2021,0,75-84,561,703107.0,0.797887092576237
23,Belgium,Belgium (Sciensano),autumn 2021,0,85+,584,331923.0,1.75944420844593
24,Belgium,Belgium (Sciensano),autumn 2021,1,0-24,0,1582715.0,0.0
25,Belgium,Belgium (Sciensano),autumn 2021,1,25-44,7,1487749.0,0.00470509474380423
26,Belgium,Belgium (Sciensano),autumn 2021,1,45-64,79,1531975.0,0.0515674211393789
27,Belgium,Belgium (Sciensano),autumn 2021,1,65-74,137,622638.0,0.220031543208092
28,Belgium,Belgium (Sciensano),autumn 2021,1,75-84,193,398246.0,0.484625080980098
29,Belgium,Belgium (Sciensano),autumn 2021,1,85+,296,220704.0,1.34116282441641
30,Belgium,Belgium (Sciensano),autumn 2021,2,0-24,2,1652210.0,0.00121049987592376
31,Belgium,Belgium (Sciensano),autumn 2021,2,25-44,17,1492247.0,0.0113922158999147
32,Belgium,Belgium (Sciensano),autumn 2021,2,45-64,111,1545221.0,0.0718343848549819
33,Belgium,Belgium (Sciensano),autumn 2021,2,65-74,195,571453.0,0.341235412186129
34,Belgium,Belgium (Sciensano),autumn 2021,2,75-84,367,304861.0,1.20382731802362
35,Belgium,Belgium (Sciensano),autumn 2021,2,85+,288,111219.0,2.5894856094732
36,Belgium,Belgium (Sciensano),spring 2020,0,0-24,1,3236854.75,0.000308941882548174
37,Belgium,Belgium (Sciensano),spring 2020,0,25-44,41,2971472.25,0.0137978741009612
38,Belgium,Belgium (Sciensano),spring 2020,0,45-64,513,3080824.5,0.166513866661343
39,Belgium,Belgium (Sciensano),spring 2020,0,65-74,1070,1176322.0,0.909614884359895
40,Belgium,Belgium (Sciensano),spring 2020,0,75-84,2782,699981.75,3.97438933229331
41,Belgium,Belgium (Sciensano),spring 2020,0,85+,5047,334335.0,15.095637608985
42,Belgium,Belgium (Sciensano),spring 2020,1,0-24,1,1583996.0,0.000631314725542236
43,Belgium,Belgium (Sciensano),spring 2020,1,25-44,18,1483162.0,0.0121362332637972
44,Belgium,Belgium (Sciensano),spring 2020,1,45-64,168,1534711.0,0.1094668637939
45,Belgium,Belgium (Sciensano),spring 2020,1,65-74,378,613405.5,0.616231840112291
46,Belgium,Belgium (Sciensano),spring 2020,1,75-84,1299,397288.25,3.26966629393142
47,Belgium,Belgium (Sciensano),spring 2020,1,85+,3118,222876.75,13.989794808117
48,Belgium,Belgium (Sciensano),spring 2020,2,0-24,0,1652858.75,0.0
49,Belgium,Belgium (Sciensano),spring 2020,2,25-44,23,1488310.25,0.0154537671160969
50,Belgium,Belgium (Sciensano),spring 2020,2,45-64,344,1546113.5,0.222493368048335
51,Belgium,Belgium (Sciensano),spring 2020,2,65-74,691,562916.5,1.22753552258639
52,Belgium,Belgium (Sciensano),spring 2020,2,75-84,1478,302693.5,4.88282701808926
53,Belgium,Belgium (Sciensano),spring 2020,2,85+,1916,111458.25,17.1902932263875
54,Belgium,Belgium (Sciensano),spring 2021,0,0-24,5,3234925.0,0.00154563088788766
55,Belgium,Belgium (Sciensano),spring 2021,0,25-44,20,2979996.0,0.00671141840458846
56,Belgium,Belgium (Sciensano),spring 2021,0,45-64,330,3077196.0,0.107240487768735
57,Belgium,Belgium (Sciensano),spring 2021,0,65-74,650,1194091.0,0.544347122622983
58,Belgium,Belgium (Sciensano),spring 2021,0,75-84,961,703107.0,1.36679054539352
59,Belgium,Belgium (Sciensano),spring 2021,0,85+,768,331923.0,2.3137896439837
60,Belgium,Belgium (Sciensano),spring 2021,1,0-24,1,1582715.0,0.000631825691928111
61,Belgium,Belgium (Sciensano),spring 2021,1,25-44,10,1487749.0,0.00672156391972033
62,Belgium,Belgium (Sciensano),spring 2021,1,45-64,105,1531975.0,0.0685389774637315
63,Belgium,Belgium (Sciensano),spring 2021,1,65-74,218,622638.0,0.350123185542803
64,Belgium,Belgium (Sciensano),spring 2021,1,75-84,374,398246.0,0.939118032572832
65,Belgium,Belgium (Sciensano),spring 2021,1,85+,384,220704.0,1.73988690735102
66,Belgium,Belgium (Sciensano),spring 2021,2,0-24,4,1652210.0,0.00242099975184753
67,Belgium,Belgium (Sciensano),spring 2021,2,25-44,10,1492247.0,0.00670130347053805
68,Belgium,Belgium (Sciensano),spring 2021,2,45-64,225,1545221.0,0.145610239570909
69,Belgium,Belgium (Sciensano),spring 2021,2,65-74,432,571453.0,0.755967682381578
70,Belgium,Belgium (Sciensano),spring 2021,2,75-84,587,304861.0,1.92546767215223
71,Belgium,Belgium (Sciensano),spring 2021,2,85+,384,111219.0,3.4526474792976
72,Belgium,Belgium (Sciensano),summer 2020,0,0-24,3,3236211.5,0.000927009869410575
73,Belgium,Belgium (Sciensano),summer 2020,0,25-44,6,2974313.5,0.00201727222096796
74,Belgium,Belgium (Sciensano),summer 2020,0,45-64,49,3079615.0,0.0159110797940652
75,Belgium,Belgium (Sciensano),summer 2020,0,65-74,88,1182245.0,0.0744346560992011
76,Belgium,Belgium (Sciensano),summer 2020,0,75-84,159,701023.5,0.226811226727777
77,Belgium,Belgium (Sciensano),summer 2020,0,85+,253,333531.0,0.758550179743412
78,Belgium,Belgium (Sciensano),summer 2020,1,0-24,3,1583569.0,0.00189445486745447
79,Belgium,Belgium (Sciensano),summer 2020,1,25-44,2,1484691.0,0.00134708164863935
80,Belgium,Belgium (Sciensano),summer 2020,1,45-64,22,1533799.0,0.0143434700374691
81,Belgium,Belgium (Sciensano),summer 2020,1,65-74,31,616483.0,0.0502852471195475
82,Belgium,Belgium (Sciensano),summer 2020,1,75-84,73,397607.5,0.183598146413234
83,Belgium,Belgium (Sciensano),summer 2020,1,85+,152,222152.5,0.684214672353451
84,Belgium,Belgium (Sciensano),summer 2020,2,0-24,0,1652642.5,0.0
85,Belgium,Belgium (Sciensano),summer 2020,2,25-44,4,1489622.5,0.00268524408029551
86,Belgium,Belgium (Sciensano),summer 2020,2,45-64,27,1545816.0,0.0174665031284448
87,Belgium,Belgium (Sciensano),summer 2020,2,65-74,57,565762.0,0.100749078234311
88,Belgium,Belgium (Sciensano),summer 2020,2,75-84,86,303416.0,0.28343923853719
89,Belgium,Belgium (Sciensano),summer 2020,2,85+,101,111378.5,0.906817743101227
90,Belgium,Belgium (Sciensano),summer 2021,0,0-24,0,3234925.0,0.0
91,Belgium,Belgium (Sciensano),summer 2021,0,25-44,6,2979996.0,0.00201342552137654
92,Belgium,Belgium (Sciensano),summer 2021,0,45-64,75,3077196.0,0.0243728381292579
93,Belgium,Belgium (Sciensano),summer 2021,0,65-74,88,1194091.0,0.0736962258320346
94,Belgium,Belgium (Sciensano),summer 2021,0,75-84,108,703107.0,0.153603932260666
95,Belgium,Belgium (Sciensano),summer 2021,0,85+,133,331923.0,0.400695341991968
96,Belgium,Belgium (Sciensano),summer 2021,1,0-24,0,1582715.0,0.0
97,Belgium,Belgium (Sciensano),summer 2021,1,25-44,4,1487749.0,0.00268862556788813
98,Belgium,Belgium (Sciensano),summer 2021,1,45-64,24,1531975.0,0.01566605199171
99,Belgium,Belgium (Sciensano),summer 2021,1,65-74,25,622638.0,0.0401517414613307
100,Belgium,Belgium (Sciensano),summer 2021,1,75-84,54,398246.0,0.135594582243136
101,Belgium,Belgium (Sciensano),summer 2021,1,85+,72,220704.0,0.326228795128317
102,Belgium,Belgium (Sciensano),summer 2021,2,0-24,0,1652210.0,0.0
103,Belgium,Belgium (Sciensano),summer 2021,2,25-44,2,1492247.0,0.00134026069410761
104,Belgium,Belgium (Sciensano),summer 2021,2,45-64,51,1545221.0,0.0330049876360728
105,Belgium,Belgium (Sciensano),summer 2021,2,65-74,63,571453.0,0.11024528701398
106,Belgium,Belgium (Sciensano),summer 2021,2,75-84,54,304861.0,0.177129905104293
107,Belgium,Belgium (Sciensano),summer 2021,2,85+,61,111219.0,0.548467438117588
108,Belgium,Belgium (Sciensano),winter 2020-2021,0,0-24,2,3234925.0,0.000618252355155065
109,Belgium,Belgium (Sciensano),winter 2020-2021,0,25-44,28,2979996.0,0.00939598576642385
110,Belgium,Belgium (Sciensano),winter 2020-2021,0,45-64,289,3077196.0,0.0939166695914072
111,Belgium,Belgium (Sciensano),winter 2020-2021,0,65-74,643,1194091.0,0.538484922840889
112,Belgium,Belgium (Sciensano),winter 2020-2021,0,75-84,1477,703107.0,2.10067599952781
113,Belgium,Belgium (Sciensano),winter 2020-2021,0,85+,2887,331923.0,8.69780039346475
114,Belgium,Belgium (Sciensano),winter 2020-2021,1,0-24,1,1582715.0,0.000631825691928111
115,Belgium,Belgium (Sciensano),winter 2020-2021,1,25-44,13,1487749.0,0.00873803309563643
116,Belgium,Belgium (Sciensano),winter 2020-2021,1,45-64,96,1531975.0,0.0626642079668402
117,Belgium,Belgium (Sciensano),winter 2020-2021,1,65-74,220,622638.0,0.35333532485971
118,Belgium,Belgium (Sciensano),winter 2020-2021,1,75-84,671,398246.0,1.68488823491008
119,Belgium,Belgium (Sciensano),winter 2020-2021,1,85+,1637,220704.0,7.41717413368131
120,Belgium,Belgium (Sciensano),winter 2020-2021,2,0-24,1,1652210.0,0.000605249937961881
121,Belgium,Belgium (Sciensano),winter 2020-2021,2,25-44,15,1492247.0,0.0100519552058071
122,Belgium,Belgium (Sciensano),winter 2020-2021,2,45-64,193,1545221.0,0.124901227720824
123,Belgium,Belgium (Sciensano),winter 2020-2021,2,65-74,423,571453.0,0.740218355665295
124,Belgium,Belgium (Sciensano),winter 2020-2021,2,75-84,805,304861.0,2.64054765942512
125,Belgium,Belgium (Sciensano),winter 2020-2021,2,85+,1250,111219.0,11.2390868466719
126,Belgium,Belgium (Sciensano),winter 2021-2022,0,0-24,1,3234925.0,0.000309126177577533
127,Belgium,Belgium (Sciensano),winter 2021-2022,0,25-44,30,2979996.0,0.0100671276068827
128,Belgium,Belgium (Sciensano),winter 2021-2022,0,45-64,363,3077196.0,0.117964536545608
129,Belgium,Belgium (Sciensano),winter 2021-2022,0,65-74,602,1194091.0,0.504149181260055
130,Belgium,Belgium (Sciensano),winter 2021-2022,0,75-84,873,703107.0,1.24163178577372
131,Belgium,Belgium (Sciensano),winter 2021-2022,0,85+,1109,331923.0,3.34113634788791
132,Belgium,Belgium (Sciensano),winter 2021-2022,1,0-24,1,1582715.0,0.000631825691928111
133,Belgium,Belgium (Sciensano),winter 2021-2022,1,25-44,10,1487749.0,0.00672156391972033
134,Belgium,Belgium (Sciensano),winter 2021-2022,1,45-64,125,1531975.0,0.0815940207901565
135,Belgium,Belgium (Sciensano),winter 2021-2022,1,65-74,189,622638.0,0.30354716544766
136,Belgium,Belgium (Sciensano),winter 2021-2022,1,75-84,321,398246.0,0.806034461111976
137,Belgium,Belgium (Sciensano),winter 2021-2022,1,85+,523,220704.0,2.36968972016819
138,Belgium,Belgium (Sciensano),winter 2021-2022,2,0-24,0,1652210.0,0.0
139,Belgium,Belgium (Sciensano),winter 2021-2022,2,25-44,20,1492247.0,0.0134026069410761
140,Belgium,Belgium (Sciensano),winter 2021-2022,2,45-64,236,1545221.0,0.152728962394376
141,Belgium,Belgium (Sciensano),winter 2021-2022,2,65-74,413,571453.0,0.722719103758314
142,Belgium,Belgium (Sciensano),winter 2021-2022,2,75-84,551,304861.0,1.80738106874936
143,Belgium,Belgium (Sciensano),winter 2021-2022,2,85+,586,111219.0,5.26888391371978
144,England & Wales,England & Wales (ONS),autumn 2020,0,0-24,10,17706485.0,0.000564764830512662
145,England & Wales,England & Wales (ONS),autumn 2020,0,25-44,142,15596791.25,0.00910443678599596
146,England & Wales,England & Wales (ONS),autumn 2020,0,45-64,1403,15310107.25,0.0916388093884842
147,England & Wales,England & Wales (ONS),autumn 2020,0,65-74,2682,5968945.25,0.449325615777762
148,England & Wales,England & Wales (ONS),autumn 2020,0,75-84,5587,3704541.75,1.50814874741255
149,England & Wales,England & Wales (ONS),autumn 2020,0,85+,6478,1497841.75,4.32488946178727
150,England & Wales,England & Wales (ONS),autumn 2020,1,0-24,4,8608020.5,0.000464682908224951
151,England & Wales,England & Wales (ONS),autumn 2020,1,25-44,63,7776446.0,0.00810138718895495
152,England & Wales,England & Wales (ONS),autumn 2020,1,45-64,491,7767669.75,0.0632107203064343
153,England & Wales,England & Wales (ONS),autumn 2020,1,65-74,920,3098174.75,0.296949034266063
154,England & Wales,England & Wales (ONS),autumn 2020,1,75-84,2218,2017216.25,1.099535064721
155,England & Wales,England & Wales (ONS),autumn 2020,1,85+,3366,936802.25,3.59307420536191
156,England & Wales,England & Wales (ONS),autumn 2020,2,0-24,6,9098464.5,0.000659451932795913
157,England & Wales,England & Wales (ONS),autumn 2020,2,25-44,79,7820345.25,0.0101018557972233
158,England & Wales,England & Wales (ONS),autumn 2020,2,45-64,912,7542437.5,0.120915817996503
159,England & Wales,England & Wales (ONS),autumn 2020,2,65-74,1762,2870770.5,0.613772504628984
160,England & Wales,England & Wales (ONS),autumn 2020,2,75-84,3369,1687325.5,1.99665091293885
161,England & Wales,England & Wales (ONS),autumn 2020,2,85+,3112,561039.5,5.54684652328401
162,England & Wales,England & Wales (ONS),autumn 2021,0,0-24,39,17683726.5,0.00220541750631576
163,England & Wales,England & Wales (ONS),autumn 2021,0,25-44,288,15690732.25,0.0183547839202979
164,England & Wales,England & Wales (ONS),autumn 2021,0,45-64,1797,15335418.75,0.117179715095814
165,England & Wales,England & Wales (ONS),autumn 2021,0,65-74,2272,5973183.75,0.380366667943205
166,England & Wales,England & Wales (ONS),autumn 2021,0,75-84,3323,3832956.0,0.866954903734872
167,England & Wales,England & Wales (ONS),autumn 2021,0,85+,3290,1523531.75,2.15945614523623
168,England & Wales,England & Wales (ONS),autumn 2021,1,0-24,19,8595411.75,0.00221048165609984
169,England & Wales,England & Wales (ONS),autumn 2021,1,25-44,116,7813799.75,0.0148455301788352
170,England & Wales,England & Wales (ONS),autumn 2021,1,45-64,687,7782933.0,0.0882700647686418
171,England & Wales,England & Wales (ONS),autumn 2021,1,65-74,847,3101573.75,0.273087170666182
172,England & Wales,England & Wales (ONS),autumn 2021,1,75-84,1260,2083659.25,0.604705399887242
173,England & Wales,England & Wales (ONS),autumn 2021,1,85+,1614,947666.5,1.70313079548554
174,England & Wales,England & Wales (ONS),autumn 2021,2,0-24,20,9088314.75,0.00220062800971984
175,England & Wales,England & Wales (ONS),autumn 2021,2,25-44,172,7876932.5,0.021835911377938
176,England & Wales,England & Wales (ONS),autumn 2021,2,45-64,1110,7552485.75,0.146971478893555
177,England & Wales,England & Wales (ONS),autumn 2021,2,65-74,1425,2871610.0,0.4962373024192
178,England & Wales,England & Wales (ONS),autumn 2021,2,75-84,2063,1749296.75,1.17933106546959
179,England & Wales,England & Wales (ONS),autumn 2021,2,85+,1676,575865.25,2.91040308474943
180,England & Wales,England & Wales (ONS),spring 2020,0,0-24,37,17702186.25,0.0020901373128418
181,England & Wales,England & Wales (ONS),spring 2020,0,25-44,502,15558932.5,0.032264424310601
182,England & Wales,England & Wales (ONS),spring 2020,0,45-64,4665,15285154.5,0.305198092698376
183,England & Wales,England & Wales (ONS),spring 2020,0,65-74,7043,5954575.25,1.18278797467544
184,England & Wales,England & Wales (ONS),spring 2020,0,75-84,15299,3659865.75,4.18020797620787
185,England & Wales,England & Wales (ONS),spring 2020,0,85+,19806,1489038.75,13.3011985080979
186,England & Wales,England & Wales (ONS),spring 2020,1,0-24,15,8608556.25,0.00174245245827371
187,England & Wales,England & Wales (ONS),spring 2020,1,25-44,197,7763810.5,0.0253741381245717
188,England & Wales,England & Wales (ONS),spring 2020,1,45-64,1596,7754118.75,0.205826097259602
189,England & Wales,England & Wales (ONS),spring 2020,1,65-74,2431,3089831.25,0.786774358632045
190,England & Wales,England & Wales (ONS),spring 2020,1,75-84,6179,1994126.75,3.09859942453508
191,England & Wales,England & Wales (ONS),spring 2020,1,85+,10630,933925.75,11.3820611542192
192,England & Wales,England & Wales (ONS),spring 2020,2,0-24,22,9093630.0,0.00241927591071992
193,England & Wales,England & Wales (ONS),spring 2020,2,25-44,305,7795122.0,0.0391270335473903
194,England & Wales,England & Wales (ONS),spring 2020,2,45-64,3069,7531035.75,0.407513667691725
195,England & Wales,England & Wales (ONS),spring 2020,2,65-74,4612,2864744.0,1.60991697687472
196,England & Wales,England & Wales (ONS),spring 2020,2,75-84,9120,1665739.0,5.47504741138918
197,England & Wales,England & Wales (ONS),spring 2020,2,85+,9176,555113.0,16.5299677723274
198,England & Wales,England & Wales (ONS),spring 2021,0,0-24,7,17697033.0,0.000395546530313867
199,England & Wales,England & Wales (ONS),spring 2021,0,25-44,99,15641881.75,0.00632916177108934
200,England & Wales,England & Wales (ONS),spring 2021,0,45-64,1009,15327005.75,0.065831514416963
201,England & Wales,England & Wales (ONS),spring 2021,0,65-74,1045,5986297.75,0.174565322949397
202,England & Wales,England & Wales (ONS),spring 2021,0,75-84,1529,3752085.25,0.407506732422991
203,England & Wales,England & Wales (ONS),spring 2021,0,85+,2042,1510385.25,1.35197294862354
204,England & Wales,England & Wales (ONS),spring 2021,1,0-24,3,8602759.5,0.000348725313081227
205,England & Wales,England & Wales (ONS),spring 2021,1,25-44,41,7793926.0,0.00526050670740266
206,England & Wales,England & Wales (ONS),spring 2021,1,45-64,369,7777715.25,0.0474432385526071
207,England & Wales,England & Wales (ONS),spring 2021,1,65-74,391,3107870.25,0.125809627992031
208,England & Wales,England & Wales (ONS),spring 2021,1,75-84,642,2041832.75,0.314423402210588
209,England & Wales,England & Wales (ONS),spring 2021,1,85+,1132,942120.75,1.20154449416383
210,England & Wales,England & Wales (ONS),spring 2021,2,0-24,4,9094273.5,0.000439837222841385
211,England & Wales,England & Wales (ONS),spring 2021,2,25-44,58,7847955.75,0.00739045961109044
212,England & Wales,England & Wales (ONS),spring 2021,2,45-64,640,7549290.5,0.084776178635595
213,England & Wales,England & Wales (ONS),spring 2021,2,65-74,654,2878427.5,0.227207390146182
214,England & Wales,England & Wales (ONS),spring 2021,2,75-84,887,1710252.5,0.518636867947862
215,England & Wales,England & Wales (ONS),spring 2021,2,85+,910,568264.5,1.60136696907866
216,England & Wales,England & Wales (ONS),summer 2020,0,0-24,4,17711211.0,0.000225845652225588
217,England & Wales,England & Wales (ONS),summer 2020,0,25-44,53,15574246.0,0.00340305399054311
218,England & Wales,England & Wales (ONS),summer 2020,0,45-64,419,15301658.0,0.0273826535660384
219,England & Wales,England & Wales (ONS),summer 2020,0,65-74,756,5960269.0,0.126839912762327
220,England & Wales,England & Wales (ONS),summer 2020,0,75-84,1760,3680770.0,0.478160819611114
221,England & Wales,England & Wales (ONS),summer 2020,0,85+,2411,1491570.0,1.61641760024672
222,England & Wales,England & Wales (ONS),summer 2020,1,0-24,1,8610651.0,0.000116135237626052
223,England & Wales,England & Wales (ONS),summer 2020,1,25-44,21,7767706.0,0.00270350087915274
224,England & Wales,England & Wales (ONS),summer 2020,1,45-64,149,7762647.0,0.0191944835311975
225,England & Wales,England & Wales (ONS),summer 2020,1,65-74,321,3093327.0,0.103771764187879
226,England & Wales,England & Wales (ONS),summer 2020,1,75-84,748,2004908.0,0.37308445075784
227,England & Wales,England & Wales (ONS),summer 2020,1,85+,1382,934143.0,1.47943087942638
228,England & Wales,England & Wales (ONS),summer 2020,2,0-24,3,9100560.0,0.000329650043513806
229,England & Wales,England & Wales (ONS),summer 2020,2,25-44,32,7806540.0,0.00409912714211418
230,England & Wales,England & Wales (ONS),summer 2020,2,45-64,270,7539011.0,0.0358137161492403
231,England & Wales,England & Wales (ONS),summer 2020,2,65-74,435,2866942.0,0.151729612946477
232,England & Wales,England & Wales (ONS),summer 2020,2,75-84,1012,1675862.0,0.60386833760775
233,England & Wales,England & Wales (ONS),summer 2020,2,85+,1029,557427.0,1.84598162629367
234,England & Wales,England & Wales (ONS),summer 2021,0,0-24,27,17692307.0,0.00152608701623819
235,England & Wales,England & Wales (ONS),summer 2021,0,25-44,227,15664427.0,0.0144914333604415
236,England & Wales,England & Wales (ONS),summer 2021,0,45-64,905,15335455.0,0.0590135734479349
237,England & Wales,England & Wales (ONS),summer 2021,0,65-74,788,5994974.0,0.131443439120837
238,England & Wales,England & Wales (ONS),summer 2021,0,75-84,1227,3775857.0,0.324959340356375
239,England & Wales,England & Wales (ONS),summer 2021,0,85+,1235,1516657.0,0.814290904271697
240,England & Wales,England & Wales (ONS),summer 2021,1,0-24,10,8600129.0,0.00116277325607558
241,England & Wales,England & Wales (ONS),summer 2021,1,25-44,78,7802666.0,0.00999658321912023
242,England & Wales,England & Wales (ONS),summer 2021,1,45-64,328,7782738.0,0.0421445511849429
243,England & Wales,England & Wales (ONS),summer 2021,1,65-74,309,3112718.0,0.0992701555360942
244,England & Wales,England & Wales (ONS),summer 2021,1,75-84,482,2054141.0,0.234647962335594
245,England & Wales,England & Wales (ONS),summer 2021,1,85+,601,944780.0,0.636126929020513
246,England & Wales,England & Wales (ONS),summer 2021,2,0-24,17,9092178.0,0.00186973902182733
247,England & Wales,England & Wales (ONS),summer 2021,2,25-44,149,7861761.0,0.0189524967752136
248,England & Wales,England & Wales (ONS),summer 2021,2,45-64,577,7552717.0,0.0763963484928669
249,England & Wales,England & Wales (ONS),summer 2021,2,65-74,479,2882256.0,0.166189262855208
250,England & Wales,England & Wales (ONS),summer 2021,2,75-84,745,1721716.0,0.43270783334766
251,England & Wales,England & Wales (ONS),summer 2021,2,85+,634,571877.0,1.10863000260546
252,England & Wales,England & Wales (ONS),winter 2020-2021,0,0-24,45,17701759.0,0.00254212024917976
253,England & Wales,England & Wales (ONS),winter 2020-2021,0,25-44,770,15619336.5,0.0492978687026814
254,England & Wales,England & Wales (ONS),winter 2020-2021,0,45-64,7072,15318556.5,0.461662298272034
255,England & Wales,England & Wales (ONS),winter 2020-2021,0,65-74,10484,5977621.5,1.75387484804784
256,England & Wales,England & Wales (ONS),winter 2020-2021,0,75-84,20044,3728313.5,5.37615734299168
257,England & Wales,England & Wales (ONS),winter 2020-2021,0,85+,27769,1504113.5,18.4620376055397
258,England & Wales,England & Wales (ONS),winter 2020-2021,1,0-24,20,8605390.0,0.00232412476366556
259,England & Wales,England & Wales (ONS),winter 2020-2021,1,25-44,306,7785186.0,0.039305419292487
260,England & Wales,England & Wales (ONS),winter 2020-2021,1,45-64,2631,7772692.5,0.338492742379812
261,England & Wales,England & Wales (ONS),winter 2020-2021,1,65-74,4052,3103022.5,1.30582359618727
262,England & Wales,England & Wales (ONS),winter 2020-2021,1,75-84,8578,2029524.5,4.22660578869583
263,England & Wales,England & Wales (ONS),winter 2020-2021,1,85+,15354,939461.5,16.3434052380007
264,England & Wales,England & Wales (ONS),winter 2020-2021,2,0-24,25,9096369.0,0.00274834936885256
265,England & Wales,England & Wales (ONS),winter 2020-2021,2,25-44,464,7834150.5,0.0592278639528306
266,England & Wales,England & Wales (ONS),winter 2020-2021,2,45-64,4441,7545864.0,0.588534328209467
267,England & Wales,England & Wales (ONS),winter 2020-2021,2,65-74,6432,2874599.0,2.23752947802459
268,England & Wales,England & Wales (ONS),winter 2020-2021,2,75-84,11466,1698789.0,6.74951391844426
269,England & Wales,England & Wales (ONS),winter 2020-2021,2,85+,12415,564652.0,21.9869937589878
270,England & Wales,England & Wales (ONS),winter 2021-2022,0,0-24,40,17675146.0,0.00226306475771119
271,England & Wales,England & Wales (ONS),winter 2021-2022,0,25-44,293,15717037.5,0.0186421900437662
272,England & Wales,England & Wales (ONS),winter 2021-2022,0,45-64,1657,15335382.5,0.108050777344484
273,England & Wales,England & Wales (ONS),winter 2021-2022,0,65-74,2059,5951393.5,0.345969393554636
274,England & Wales,England & Wales (ONS),winter 2021-2022,0,75-84,3701,3890055.0,0.95140043007104
275,England & Wales,England & Wales (ONS),winter 2021-2022,0,85+,5119,1530406.5,3.34486294981105
276,England & Wales,England & Wales (ONS),winter 2021-2022,1,0-24,17,8590694.5,0.00197888540909003
277,England & Wales,England & Wales (ONS),winter 2021-2022,1,25-44,118,7824933.5,0.0150800003603864
278,England & Wales,England & Wales (ONS),winter 2021-2022,1,45-64,623,7783128.0,0.0800449382304904
279,England & Wales,England & Wales (ONS),winter 2021-2022,1,65-74,800,3090429.5,0.258863695159524
280,England & Wales,England & Wales (ONS),winter 2021-2022,1,75-84,1541,2113177.5,0.729233583075724
281,England & Wales,England & Wales (ONS),winter 2021-2022,1,85+,2558,950553.0,2.69106509579161
282,England & Wales,England & Wales (ONS),winter 2021-2022,2,0-24,23,9084451.5,0.00253179842503425
283,England & Wales,England & Wales (ONS),winter 2021-2022,2,25-44,175,7892104.0,0.0221740615683726
284,England & Wales,England & Wales (ONS),winter 2021-2022,2,45-64,1034,7552254.5,0.136912758964889
285,England & Wales,England & Wales (ONS),winter 2021-2022,2,65-74,1259,2860964.0,0.440061461800987
286,England & Wales,England & Wales (ONS),winter 2021-2022,2,75-84,2160,1776877.5,1.21561559533508
287,England & Wales,England & Wales (ONS),winter 2021-2022,2,85+,2561,579853.5,4.41663282191105
288,France,France (CepiDC),autumn 2020,0,0-24,8,20035440.75,0.000399292438824936
289,France,France (CepiDC),autumn 2020,0,25-44,99,16162045.75,0.00612546218042973
290,France,France (CepiDC),autumn 2020,0,45-64,1230,17451075.5,0.0704827619363632
291,France,France (CepiDC),autumn 2020,0,65-74,2971,7529315.0,0.394591008611009
292,France,France (CepiDC),autumn 2020,0,75-84,6775,4127767.25,1.64132316326702
293,France,France (CepiDC),autumn 2020,0,85+,15661,2277683.25,6.87584632323217
294,France,France (CepiDC),autumn 2020,1,0-24,5,9791865.25,0.000510627941903102
295,France,France (CepiDC),autumn 2020,1,25-44,50,8245997.75,0.00606354761617537
296,France,France (CepiDC),autumn 2020,1,45-64,430,8939554.25,0.0481008323205824
297,France,France (CepiDC),autumn 2020,1,65-74,910,4020665.75,0.226330676704474
298,France,France (CepiDC),autumn 2020,1,75-84,2544,2352526.0,1.08139081140867
299,France,France (CepiDC),autumn 2020,1,85+,9076,1548734.5,5.86026849663386
300,France,France (CepiDC),autumn 2020,2,0-24,3,10243575.5,0.000292866489830626
301,France,France (CepiDC),autumn 2020,2,25-44,49,7916048.0,0.006189957413093
302,France,France (CepiDC),autumn 2020,2,45-64,800,8511521.25,0.093990248805406
303,France,France (CepiDC),autumn 2020,2,65-74,2061,3508649.25,0.587405537900376
304,France,France (CepiDC),autumn 2020,2,75-84,4231,1775241.25,2.38333803926649
305,France,France (CepiDC),autumn 2020,2,85+,6585,728948.75,9.03355688585789
306,France,France (CepiDC),autumn 2021,0,0-24,13,20022104.0,0.000649282413077067
307,France,France (CepiDC),autumn 2021,0,25-44,81,16167463.0,0.00501006249403509
308,France,France (CepiDC),autumn 2021,0,45-64,672,17390473.0,0.0386418471768997
309,France,France (CepiDC),autumn 2021,0,65-74,1014,7593982.0,0.133526784761934
310,France,France (CepiDC),autumn 2021,0,75-84,1475,4284988.0,0.344225001330225
311,France,France (CepiDC),autumn 2021,0,85+,2427,2307636.0,1.05172566210616
312,France,France (CepiDC),autumn 2021,1,0-24,3,9782654.25,0.000306665238628872
313,France,France (CepiDC),autumn 2021,1,25-44,27,8252956.5,0.00327155486642878
314,France,France (CepiDC),autumn 2021,1,45-64,247,8905214.0,0.0277365597278179
315,France,France (CepiDC),autumn 2021,1,65-74,372,4062852.75,0.091561280432819
316,France,France (CepiDC),autumn 2021,1,75-84,588,2434116.0,0.241566137357464
317,France,France (CepiDC),autumn 2021,1,85+,1391,1564657.0,0.889012735698623
318,France,France (CepiDC),autumn 2021,2,0-24,10,10239449.75,0.000976614978749224
319,France,France (CepiDC),autumn 2021,2,25-44,54,7914506.5,0.0068229143535355
320,France,France (CepiDC),autumn 2021,2,45-64,425,8485259.0,0.0500868624045536
321,France,France (CepiDC),autumn 2021,2,65-74,642,3531129.25,0.181811526723356
322,France,France (CepiDC),autumn 2021,2,75-84,887,1850872.0,0.479233572067652
323,France,France (CepiDC),autumn 2021,2,85+,1036,742979.0,1.39438665157427
324,France,France (CepiDC),spring 2020,0,0-24,18,20039980.25,0.00089820447802088
325,France,France (CepiDC),spring 2020,0,25-44,243,16171599.25,0.0150263431738206
326,France,France (CepiDC),spring 2020,0,45-64,2543,17470580.5,0.145558987006757
327,France,France (CepiDC),spring 2020,0,65-74,4488,7437937.0,0.603393118279975
328,France,France (CepiDC),spring 2020,0,75-84,8645,4107631.75,2.10461904234721
329,France,France (CepiDC),spring 2020,0,85+,18168,2269461.75,8.0054224311117
330,France,France (CepiDC),spring 2020,1,0-24,8,9795591.75,0.000816693897027712
331,France,France (CepiDC),spring 2020,1,25-44,76,8247983.25,0.00921437370765757
332,France,France (CepiDC),spring 2020,1,45-64,771,8952050.75,0.0861255171056755
333,France,France (CepiDC),spring 2020,1,65-74,1352,3967625.25,0.340757988673451
334,France,France (CepiDC),spring 2020,1,75-84,3560,2344116.0,1.51869617373884
335,France,France (CepiDC),spring 2020,1,85+,10980,1544177.5,7.11058152317334
336,France,France (CepiDC),spring 2020,2,0-24,10,10244388.5,0.000976144159312193
337,France,France (CepiDC),spring 2020,2,25-44,167,7923616.0,0.0210762359003768
338,France,France (CepiDC),spring 2020,2,45-64,1772,8518529.75,0.208017117038301
339,France,France (CepiDC),spring 2020,2,65-74,3136,3470311.75,0.903665211057767
340,France,France (CepiDC),spring 2020,2,75-84,5085,1763515.75,2.88344461907981
341,France,France (CepiDC),spring 2020,2,85+,7188,725284.25,9.91059712105978
342,France,France (CepiDC),spring 2021,0,0-24,13,20029482.0,0.000649043245352027
343,France,France (CepiDC),spring 2021,0,25-44,194,16160667.0,0.0120044550141402
344,France,France (CepiDC),spring 2021,0,45-64,2196,17424373.0,0.126030359887268
345,France,France (CepiDC),spring 2021,0,65-74,4680,7581330.0,0.617305934446858
346,France,France (CepiDC),spring 2021,0,75-84,6999,4186886.0,1.6716480935951
347,France,France (CepiDC),spring 2021,0,85+,11129,2290408.0,4.85895962640717
348,France,France (CepiDC),spring 2021,1,0-24,8,9787552.75,0.000817364688021732
349,France,France (CepiDC),spring 2021,1,25-44,74,8247655.5,0.00897224671908277
350,France,France (CepiDC),spring 2021,1,45-64,757,8923942.0,0.0848279829698579
351,France,France (CepiDC),spring 2021,1,65-74,1531,4052408.25,0.377800040260011
352,France,France (CepiDC),spring 2021,1,75-84,2765,2382526.0,1.1605329805425
353,France,France (CepiDC),spring 2021,1,85+,6175,1555561.0,3.96962896344148
354,France,France (CepiDC),spring 2021,2,0-24,5,10241929.25,0.000488189273519928
355,France,France (CepiDC),spring 2021,2,25-44,120,7913011.5,0.015164896449348
356,France,France (CepiDC),spring 2021,2,45-64,1439,8500431.0,0.169285533874694
357,France,France (CepiDC),spring 2021,2,65-74,3149,3528921.75,0.892340556998749
358,France,France (CepiDC),spring 2021,2,75-84,4234,1804360.0,2.34653838480126
359,France,France (CepiDC),spring 2021,2,85+,4954,734847.0,6.74153939527548
360,France,France (CepiDC),summer 2020,0,0-24,2,20037710.5,9.98118023513714e-05
361,France,France (CepiDC),summer 2020,0,25-44,20,16166822.5,0.0012371014774239
362,France,France (CepiDC),summer 2020,0,45-64,204,17460828.0,0.011683294744098
363,France,France (CepiDC),summer 2020,0,65-74,313,7483626.0,0.0418246448980748
364,France,France (CepiDC),summer 2020,0,75-84,508,4117699.5,0.123369857368174
365,France,France (CepiDC),summer 2020,0,85+,1205,2273572.5,0.530002891924493
366,France,France (CepiDC),summer 2020,1,0-24,1,9793728.5,0.00010210615905883
367,France,France (CepiDC),summer 2020,1,25-44,10,8246990.5,0.00121256354060308
368,France,France (CepiDC),summer 2020,1,45-64,76,8945802.5,0.00849560450278217
369,France,France (CepiDC),summer 2020,1,65-74,95,3994145.5,0.0237848120455301
370,France,France (CepiDC),summer 2020,1,75-84,229,2348321.0,0.0975164809240304
371,France,France (CepiDC),summer 2020,1,85+,785,1546456.0,0.507612243736647
372,France,France (CepiDC),summer 2020,2,0-24,1,10243982.0,9.76182894503329e-05
373,France,France (CepiDC),summer 2020,2,25-44,10,7919832.0,0.00126265304617573
374,France,France (CepiDC),summer 2020,2,45-64,128,8515025.5,0.015032250931016
375,France,France (CepiDC),summer 2020,2,65-74,218,3489480.5,0.0624734828006633
376,France,France (CepiDC),summer 2020,2,75-84,279,1769378.5,0.157682485686358
377,France,France (CepiDC),summer 2020,2,85+,420,727116.5,0.577624080872873
378,France,France (CepiDC),summer 2021,0,0-24,10,20025793.0,0.000499356005527471
379,France,France (CepiDC),summer 2021,0,25-44,111,16164065.0,0.00686708448648282
380,France,France (CepiDC),summer 2021,0,45-64,851,17407423.0,0.0488871902521126
381,France,France (CepiDC),summer 2021,0,65-74,1178,7587656.0,0.155252162196072
382,France,France (CepiDC),summer 2021,0,75-84,1433,4235937.0,0.338295871728026
383,France,France (CepiDC),summer 2021,0,85+,2448,2299022.0,1.06480059781942
384,France,France (CepiDC),summer 2021,1,0-24,6,9785103.5,0.000613176958220217
385,France,France (CepiDC),summer 2021,1,25-44,53,8250306.0,0.00642400415208842
386,France,France (CepiDC),summer 2021,1,45-64,294,8914578.0,0.0329796878775417
387,France,France (CepiDC),summer 2021,1,65-74,438,4057630.5,0.107944772201412
388,France,France (CepiDC),summer 2021,1,75-84,624,2408321.0,0.259101672908221
389,France,France (CepiDC),summer 2021,1,85+,1416,1560109.0,0.907628890032684
390,France,France (CepiDC),summer 2021,2,0-24,4,10240689.5,0.000390598699433275
391,France,France (CepiDC),summer 2021,2,25-44,58,7913759.0,0.00732900761825069
392,France,France (CepiDC),summer 2021,2,45-64,557,8492845.0,0.0655846185818769
393,France,France (CepiDC),summer 2021,2,65-74,740,3530025.5,0.209630213719419
394,France,France (CepiDC),summer 2021,2,75-84,809,1827616.0,0.442653161276767
395,France,France (CepiDC),summer 2021,2,85+,1032,738913.0,1.39664615455405
396,France,France (CepiDC),winter 2020-2021,0,0-24,9,20033171.0,0.000449254888305002
397,France,France (CepiDC),winter 2020-2021,0,25-44,110,16157269.0,0.00680808124194751
398,France,France (CepiDC),winter 2020-2021,0,45-64,1836,17441323.0,0.105267243775028
399,France,France (CepiDC),winter 2020-2021,0,65-74,4547,7575004.0,0.600263709431704
400,France,France (CepiDC),winter 2020-2021,0,75-84,9634,4137835.0,2.32827070194921
401,France,France (CepiDC),winter 2020-2021,0,85+,23603,2281794.0,10.3440538453515
402,France,France (CepiDC),winter 2020-2021,1,0-24,5,9790002.0,0.000510725125490271
403,France,France (CepiDC),winter 2020-2021,1,25-44,51,8245005.0,0.00618556325920967
404,France,France (CepiDC),winter 2020-2021,1,45-64,637,8933306.0,0.0713061883249046
405,France,France (CepiDC),winter 2020-2021,1,65-74,1486,4047186.0,0.367168694495385
406,France,France (CepiDC),winter 2020-2021,1,75-84,3887,2356731.0,1.64931848395086
407,France,France (CepiDC),winter 2020-2021,1,85+,14086,1551013.0,9.08180653547069
408,France,France (CepiDC),winter 2020-2021,2,0-24,4,10243169.0,0.000390504149643533
409,France,France (CepiDC),winter 2020-2021,2,25-44,59,7912264.0,0.0074567784896965
410,France,France (CepiDC),winter 2020-2021,2,45-64,1199,8508017.0,0.140925905531218
411,France,France (CepiDC),winter 2020-2021,2,65-74,3061,3527818.0,0.867675146506991
412,France,France (CepiDC),winter 2020-2021,2,75-84,5747,1781104.0,3.22665043703231
413,France,France (CepiDC),winter 2020-2021,2,85+,9517,730781.0,13.0230534181923
414,Scotland,Scotland (NRS),autumn 2020,0,0-14,0,857723.0,0.0
415,Scotland,Scotland (NRS),autumn 2020,0,15-44,10,2056179.25,0.00486338922056528
416,Scotland,Scotland (NRS),autumn 2020,0,45-64,164,1492964.0,0.109848596483237
417,Scotland,Scotland (NRS),autumn 2020,0,65-74,248,588377.75,0.421497923740318
418,Scotland,Scotland (NRS),autumn 2020,0,75-84,490,342763.75,1.42955607178414
419,Scotland,Scotland (NRS),autumn 2020,0,85+,502,128839.0,3.89633573684987
420,Scotland,Scotland (NRS),autumn 2020,1,0-14,0,418049.0,0.0
421,Scotland,Scotland (NRS),autumn 2020,1,15-44,4,1029448.25,0.00388557656977901
422,Scotland,Scotland (NRS),autumn 2020,1,45-64,56,771317.75,0.0726030225545827
423,Scotland,Scotland (NRS),autumn 2020,1,65-74,105,307024.25,0.341992529906025
424,Scotland,Scotland (NRS),autumn 2020,1,75-84,193,192507.25,1.00255964385757
425,Scotland,Scotland (NRS),autumn 2020,1,85+,285,82692.5,3.4465036127823
426,Scotland,Scotland (NRS),autumn 2020,2,0-14,0,439674.0,0.0
427,Scotland,Scotland (NRS),autumn 2020,2,15-44,6,1026731.0,0.00584378965863503
428,Scotland,Scotland (NRS),autumn 2020,2,45-64,108,721646.25,0.149657813644843
429,Scotland,Scotland (NRS),autumn 2020,2,65-74,143,281353.5,0.50825740571914
430,Scotland,Scotland (NRS),autumn 2020,2,75-84,297,150256.5,1.97661997983448
431,Scotland,Scotland (NRS),autumn 2020,2,85+,217,46146.5,4.70241513440889
432,Scotland,Scotland (NRS),autumn 2021,0,0-14,0,848864.5,0.0
433,Scotland,Scotland (NRS),autumn 2021,0,15-44,40,2061180.5,0.0194063547564126
434,Scotland,Scotland (NRS),autumn 2021,0,45-64,244,1483787.75,0.16444400487873
435,Scotland,Scotland (NRS),autumn 2021,0,65-74,362,593645.5,0.609791533836271
436,Scotland,Scotland (NRS),autumn 2021,0,75-84,472,351336.75,1.34344044566929
437,Scotland,Scotland (NRS),autumn 2021,0,85+,471,130931.25,3.59730774738651
438,Scotland,Scotland (NRS),autumn 2021,1,0-14,0,413539.5,0.0
439,Scotland,Scotland (NRS),autumn 2021,1,15-44,19,1030894.75,0.0184305914837572
440,Scotland,Scotland (NRS),autumn 2021,1,45-64,86,767164.5,0.112101120424629
441,Scotland,Scotland (NRS),autumn 2021,1,65-74,149,310063.25,0.480547114177511
442,Scotland,Scotland (NRS),autumn 2021,1,75-84,197,196332.5,1.00339984465129
443,Scotland,Scotland (NRS),autumn 2021,1,85+,254,83726.75,3.03367800613305
444,Scotland,Scotland (NRS),autumn 2021,2,0-14,0,435325.0,0.0
445,Scotland,Scotland (NRS),autumn 2021,2,15-44,21,1030285.75,0.0203826948009327
446,Scotland,Scotland (NRS),autumn 2021,2,45-64,158,716623.25,0.220478473172619
447,Scotland,Scotland (NRS),autumn 2021,2,65-74,213,283582.25,0.751104838190684
448,Scotland,Scotland (NRS),autumn 2021,2,75-84,275,155004.25,1.77414490247848
449,Scotland,Scotland (NRS),autumn 2021,2,85+,217,47204.5,4.59701935196856
450,Scotland,Scotland (NRS),spring 2020,0,0-14,0,861268.75,0.0
451,Scotland,Scotland (NRS),spring 2020,0,15-44,25,2054656.5,0.012167483956564
452,Scotland,Scotland (NRS),spring 2020,0,45-64,327,1496303.5,0.218538551837913
453,Scotland,Scotland (NRS),spring 2020,0,65-74,574,584272.25,0.98241872688631
454,Scotland,Scotland (NRS),spring 2020,0,75-84,1308,340819.0,3.8378142063676
455,Scotland,Scotland (NRS),spring 2020,0,85+,1681,128005.0,13.13229951955
456,Scotland,Scotland (NRS),spring 2020,1,0-14,0,419816.5,0.0
457,Scotland,Scotland (NRS),spring 2020,1,15-44,13,1029336.0,0.0126295009598421
458,Scotland,Scotland (NRS),spring 2020,1,45-64,114,772623.75,0.147549179015012
459,Scotland,Scotland (NRS),spring 2020,1,65-74,212,304743.25,0.695667582464911
460,Scotland,Scotland (NRS),spring 2020,1,75-84,588,191778.5,3.06603712094943
461,Scotland,Scotland (NRS),spring 2020,1,85+,1019,82367.25,12.3714218940173
462,Scotland,Scotland (NRS),spring 2020,2,0-14,0,441452.25,0.0
463,Scotland,Scotland (NRS),spring 2020,2,15-44,12,1025320.5,0.0117036575392767
464,Scotland,Scotland (NRS),spring 2020,2,45-64,213,723679.75,0.294329086864735
465,Scotland,Scotland (NRS),spring 2020,2,65-74,362,279529.0,1.29503557770392
466,Scotland,Scotland (NRS),spring 2020,2,75-84,720,149040.5,4.83090166766751
467,Scotland,Scotland (NRS),spring 2020,2,85+,662,45637.75,14.5055354394115
468,Scotland,Scotland (NRS),spring 2021,0,0-14,1,853589.0,0.00117152400042643
469,Scotland,Scotland (NRS),spring 2021,0,15-44,15,2058177.75,0.00728800027111361
470,Scotland,Scotland (NRS),spring 2021,0,45-64,112,1488992.0,0.0752186714233522
471,Scotland,Scotland (NRS),spring 2021,0,65-74,114,592607.25,0.192370241842299
472,Scotland,Scotland (NRS),spring 2021,0,75-84,147,345279.25,0.42574235202376
473,Scotland,Scotland (NRS),spring 2021,0,85+,153,129895.0,1.17787443704531
474,Scotland,Scotland (NRS),spring 2021,1,0-14,1,415929.0,0.00240425649569999
475,Scotland,Scotland (NRS),spring 2021,1,15-44,4,1029884.75,0.00388392973097232
476,Scotland,Scotland (NRS),spring 2021,1,45-64,50,769613.25,0.064967696437139
477,Scotland,Scotland (NRS),spring 2021,1,65-74,47,309424.75,0.151894766013385
478,Scotland,Scotland (NRS),spring 2021,1,75-84,71,193461.75,0.366997610638796
479,Scotland,Scotland (NRS),spring 2021,1,85+,91,83227.5,1.09338860352648
480,Scotland,Scotland (NRS),spring 2021,2,0-14,0,437660.0,0.0
481,Scotland,Scotland (NRS),spring 2021,2,15-44,11,1028293.0,0.0106973401549947
482,Scotland,Scotland (NRS),spring 2021,2,45-64,62,719378.75,0.086185476009682
483,Scotland,Scotland (NRS),spring 2021,2,65-74,67,283182.5,0.236596541099821
484,Scotland,Scotland (NRS),spring 2021,2,75-84,76,151817.5,0.500601050603521
485,Scotland,Scotland (NRS),spring 2021,2,85+,62,46667.5,1.32854770450528
486,Scotland,Scotland (NRS),summer 2020,0,0-14,0,859790.0,0.0
487,Scotland,Scotland (NRS),summer 2020,0,15-44,5,2055180.0,0.00243287692562209
488,Scotland,Scotland (NRS),summer 2020,0,45-64,24,1494950.0,0.016054048630389
489,Scotland,Scotland (NRS),summer 2020,0,65-74,30,586263.0,0.0511715731676739
490,Scotland,Scotland (NRS),summer 2020,0,75-84,106,341506.0,0.310389861378717
491,Scotland,Scotland (NRS),summer 2020,0,85+,150,128311.0,1.16903461121806
492,Scotland,Scotland (NRS),summer 2020,1,0-14,0,419109.0,0.0
493,Scotland,Scotland (NRS),summer 2020,1,15-44,2,1029230.0,0.00194320025650243
494,Scotland,Scotland (NRS),summer 2020,1,45-64,7,772170.0,0.009065361254646
495,Scotland,Scotland (NRS),summer 2020,1,65-74,17,305824.0,0.0555875274667783
496,Scotland,Scotland (NRS),summer 2020,1,75-84,52,192030.0,0.270791022236109
497,Scotland,Scotland (NRS),summer 2020,1,85+,106,82425.0,1.28601759175008
498,Scotland,Scotland (NRS),summer 2020,2,0-14,0,440681.0,0.0
499,Scotland,Scotland (NRS),summer 2020,2,15-44,3,1025950.0,0.00292411910911838
500,Scotland,Scotland (NRS),summer 2020,2,45-64,17,722780.0,0.0235202966324469
501,Scotland,Scotland (NRS),summer 2020,2,65-74,13,280439.0,0.0463558920121666
502,Scotland,Scotland (NRS),summer 2020,2,75-84,54,149476.0,0.361262008616768
503,Scotland,Scotland (NRS),summer 2020,2,85+,44,45886.0,0.958898138865885
504,Scotland,Scotland (NRS),summer 2021,0,0-14,0,851522.0,0.0
505,Scotland,Scotland (NRS),summer 2021,0,15-44,19,2059177.0,0.00922698728666841
506,Scotland,Scotland (NRS),summer 2021,0,45-64,88,1487006.0,0.0591793173665742
507,Scotland,Scotland (NRS),summer 2021,0,65-74,89,594722.0,0.149649752321253
508,Scotland,Scotland (NRS),summer 2021,0,75-84,123,346537.0,0.354940453688928
509,Scotland,Scotland (NRS),summer 2021,0,85+,118,130423.0,0.90474839560507
510,Scotland,Scotland (NRS),summer 2021,1,0-14,0,414869.0,0.0
511,Scotland,Scotland (NRS),summer 2021,1,15-44,8,1030103.0,0.00776621366989515
512,Scotland,Scotland (NRS),summer 2021,1,45-64,38,768761.0,0.0494301870152102
513,Scotland,Scotland (NRS),summer 2021,1,65-74,29,310625.0,0.0933601609657948
514,Scotland,Scotland (NRS),summer 2021,1,75-84,46,193939.0,0.237187981788088
515,Scotland,Scotland (NRS),summer 2021,1,85+,53,83495.0,0.634768549014911
516,Scotland,Scotland (NRS),summer 2021,2,0-14,0,436653.0,0.0
517,Scotland,Scotland (NRS),summer 2021,2,15-44,11,1029074.0,0.0106892215720152
518,Scotland,Scotland (NRS),summer 2021,2,45-64,50,718245.0,0.0696141288835982
519,Scotland,Scotland (NRS),summer 2021,2,65-74,60,284097.0,0.211195471969081
520,Scotland,Scotland (NRS),summer 2021,2,75-84,77,152598.0,0.504593769249925
521,Scotland,Scotland (NRS),summer 2021,2,85+,65,46928.0,1.38510057961132
522,Scotland,Scotland (NRS),winter 2020-2021,0,0-14,3,855656.0,0.00350608188337369
523,Scotland,Scotland (NRS),winter 2020-2021,0,15-44,32,2057178.5,0.0155552860386204
524,Scotland,Scotland (NRS),winter 2020-2021,0,45-64,427,1490978.0,0.286389202255164
525,Scotland,Scotland (NRS),winter 2020-2021,0,65-74,705,590492.5,1.1939186357151
526,Scotland,Scotland (NRS),winter 2020-2021,0,75-84,1224,344021.5,3.5579171650609
527,Scotland,Scotland (NRS),winter 2020-2021,0,85+,1564,129367.0,12.0896364606121
528,Scotland,Scotland (NRS),winter 2020-2021,1,0-14,2,416989.0,0.00479628959037289
529,Scotland,Scotland (NRS),winter 2020-2021,1,15-44,14,1029666.5,0.0135966354154476
530,Scotland,Scotland (NRS),winter 2020-2021,1,45-64,183,770465.5,0.2375187467836
531,Scotland,Scotland (NRS),winter 2020-2021,1,65-74,282,308224.5,0.914917535757216
532,Scotland,Scotland (NRS),winter 2020-2021,1,75-84,567,192984.5,2.93805979236674
533,Scotland,Scotland (NRS),winter 2020-2021,1,85+,895,82960.0,10.7883317261331
534,Scotland,Scotland (NRS),winter 2020-2021,2,0-14,1,438667.0,0.00227963352611434
535,Scotland,Scotland (NRS),winter 2020-2021,2,15-44,18,1027512.0,0.0175180435848924
536,Scotland,Scotland (NRS),winter 2020-2021,2,45-64,244,720512.5,0.338647837476796
537,Scotland,Scotland (NRS),winter 2020-2021,2,65-74,423,282268.0,1.49857582155965
538,Scotland,Scotland (NRS),winter 2020-2021,2,75-84,657,151037.0,4.34992750120831
539,Scotland,Scotland (NRS),winter 2020-2021,2,85+,669,46407.0,14.4159286314565
540,Scotland,Scotland (NRS),winter 2021-2022,0,0-14,2,846207.0,0.00236348789362414
541,Scotland,Scotland (NRS),winter 2021-2022,0,15-44,21,2063184.0,0.0101784426401135
542,Scotland,Scotland (NRS),winter 2021-2022,0,45-64,160,1480569.5,0.10806652440159
543,Scotland,Scotland (NRS),winter 2021-2022,0,65-74,199,592569.0,0.335825870067452
544,Scotland,Scotland (NRS),winter 2021-2022,0,75-84,348,356136.5,0.97715342291509
545,Scotland,Scotland (NRS),winter 2021-2022,0,85+,451,131439.5,3.43123642436254
546,Scotland,Scotland (NRS),winter 2021-2022,1,0-14,1,412210.0,0.00242594793915723
547,Scotland,Scotland (NRS),winter 2021-2022,1,15-44,9,1031686.5,0.00872358027365871
548,Scotland,Scotland (NRS),winter 2021-2022,1,45-64,59,765568.0,0.0770669620464805
549,Scotland,Scotland (NRS),winter 2021-2022,1,65-74,86,309501.5,0.27786618158555
550,Scotland,Scotland (NRS),winter 2021-2022,1,75-84,162,198726.0,0.815192777995834
551,Scotland,Scotland (NRS),winter 2021-2022,1,85+,258,83958.5,3.07294675345558
552,Scotland,Scotland (NRS),winter 2021-2022,2,0-14,1,433997.0,0.00230416339283451
553,Scotland,Scotland (NRS),winter 2021-2022,2,15-44,12,1031497.5,0.0116335715791846
554,Scotland,Scotland (NRS),winter 2021-2022,2,45-64,101,715001.5,0.141258444912353
555,Scotland,Scotland (NRS),winter 2021-2022,2,65-74,113,283067.5,0.399198071131444
556,Scotland,Scotland (NRS),winter 2021-2022,2,75-84,186,157410.5,1.18162384339037
557,Scotland,Scotland (NRS),winter 2021-2022,2,85+,193,47481.0,4.06478380826015
558,Sweden,Sweden (NBHW),autumn 2020,0,0-49,17,6407795.75,0.00265301839560039
559,Sweden,Sweden (NBHW),autumn 2020,0,50-59,23,1307149.5,0.0175955389953483
560,Sweden,Sweden (NBHW),autumn 2020,0,60-69,73,1106579.5,0.0659690514780005
561,Sweden,Sweden (NBHW),autumn 2020,0,70-74,73,553066.5,0.131991360894214
562,Sweden,Sweden (NBHW),autumn 2020,0,75-84,337,728945.75,0.46231149574574
563,Sweden,Sweden (NBHW),autumn 2020,0,85+,562,262831.5,2.13825207404744
564,Sweden,Sweden (NBHW),autumn 2020,1,0-49,5,3109746.25,0.00160784822877429
565,Sweden,Sweden (NBHW),autumn 2020,1,50-59,5,645001.0,0.00775192596600625
566,Sweden,Sweden (NBHW),autumn 2020,1,60-69,22,555587.0,0.0395977587668538
567,Sweden,Sweden (NBHW),autumn 2020,1,70-74,23,283543.25,0.0811163728990198
568,Sweden,Sweden (NBHW),autumn 2020,1,75-84,126,388346.25,0.32445272743074
569,Sweden,Sweden (NBHW),autumn 2020,1,85+,315,168056.0,1.87437520826391
570,Sweden,Sweden (NBHW),autumn 2020,2,0-49,12,3298049.5,0.00363851421878295
571,Sweden,Sweden (NBHW),autumn 2020,2,50-59,18,662148.5,0.0271842343522639
572,Sweden,Sweden (NBHW),autumn 2020,2,60-69,51,550992.5,0.092560243560484
573,Sweden,Sweden (NBHW),autumn 2020,2,70-74,50,269523.25,0.185512752610396
574,Sweden,Sweden (NBHW),autumn 2020,2,75-84,211,340599.5,0.619495918226539
575,Sweden,Sweden (NBHW),autumn 2020,2,85+,247,94775.5,2.60615876465964
576,Sweden,Sweden (NBHW),autumn 2021,0,0-49,15,6431147.25,0.00233239878001549
577,Sweden,Sweden (NBHW),autumn 2021,0,50-59,21,1322161.75,0.0158830793584824
578,Sweden,Sweden (NBHW),autumn 2021,0,60-69,64,1109011.75,0.0577090368970392
579,Sweden,Sweden (NBHW),autumn 2021,0,70-74,53,539741.25,0.0981952000148219
580,Sweden,Sweden (NBHW),autumn 2021,0,75-84,139,764866.5,0.181731060256921
581,Sweden,Sweden (NBHW),autumn 2021,0,85+,171,267139.75,0.640114397052479
582,Sweden,Sweden (NBHW),autumn 2021,1,0-49,6,3120894.0,0.0019225260454216
583,Sweden,Sweden (NBHW),autumn 2021,1,50-59,6,652554.25,0.00919463784045541
584,Sweden,Sweden (NBHW),autumn 2021,1,60-69,21,556359.0,0.0377454125843206
585,Sweden,Sweden (NBHW),autumn 2021,1,70-74,16,277059.0,0.0577494324313594
586,Sweden,Sweden (NBHW),autumn 2021,1,75-84,59,406199.25,0.145248914172047
587,Sweden,Sweden (NBHW),autumn 2021,1,85+,84,169760.75,0.494814025032288
588,Sweden,Sweden (NBHW),autumn 2021,2,0-49,9,3310253.25,0.00271882521375064
589,Sweden,Sweden (NBHW),autumn 2021,2,50-59,15,669607.5,0.0224011827824509
590,Sweden,Sweden (NBHW),autumn 2021,2,60-69,43,552652.75,0.0778065430779092
591,Sweden,Sweden (NBHW),autumn 2021,2,70-74,37,262682.25,0.140854587624402
592,Sweden,Sweden (NBHW),autumn 2021,2,75-84,80,358667.25,0.223047964373664
593,Sweden,Sweden (NBHW),autumn 2021,2,85+,87,97379.0,0.893416445024081
594,Sweden,Sweden (NBHW),spring 2020,0,0-49,42,6399911.25,0.00656259100467995
595,Sweden,Sweden (NBHW),spring 2020,0,50-59,103,1300958.5,0.0791723948150537
596,Sweden,Sweden (NBHW),spring 2020,0,60-69,234,1107818.5,0.211225936378567
597,Sweden,Sweden (NBHW),spring 2020,0,70-74,316,557965.5,0.566343259574293
598,Sweden,Sweden (NBHW),spring 2020,0,75-84,1296,710747.25,1.82343301363459
599,Sweden,Sweden (NBHW),spring 2020,0,85+,1973,263114.5,7.498636525163
600,Sweden,Sweden (NBHW),spring 2020,1,0-49,14,3106020.75,0.00450737491048635
601,Sweden,Sweden (NBHW),spring 2020,1,50-59,18,641899.0,0.0280417947371783
602,Sweden,Sweden (NBHW),spring 2020,1,60-69,67,556185.0,0.120463514837689
603,Sweden,Sweden (NBHW),spring 2020,1,70-74,107,285861.75,0.374306810897226
604,Sweden,Sweden (NBHW),spring 2020,1,75-84,547,379326.75,1.4420285413565
605,Sweden,Sweden (NBHW),spring 2020,1,85+,1089,168650.0,6.45715979839905
606,Sweden,Sweden (NBHW),spring 2020,2,0-49,28,3293890.5,0.00850058616095465
607,Sweden,Sweden (NBHW),spring 2020,2,50-59,85,659059.5,0.128971663408236
608,Sweden,Sweden (NBHW),spring 2020,2,60-69,167,551633.5,0.302737234051231
609,Sweden,Sweden (NBHW),spring 2020,2,70-74,209,272103.75,0.768089377673038
610,Sweden,Sweden (NBHW),spring 2020,2,75-84,749,331420.5,2.25996883113748
611,Sweden,Sweden (NBHW),spring 2020,2,85+,884,94464.5,9.35801279845868
612,Sweden,Sweden (NBHW),spring 2021,0,0-49,36,6418207.75,0.00560904249321004
613,Sweden,Sweden (NBHW),spring 2021,0,50-59,98,1314217.25,0.0745691018741384
614,Sweden,Sweden (NBHW),spring 2021,0,60-69,243,1106977.25,0.219516706418312
615,Sweden,Sweden (NBHW),spring 2021,0,70-74,239,546991.75,0.436935291985665
616,Sweden,Sweden (NBHW),spring 2021,0,75-84,659,746985.5,0.882212573068687
617,Sweden,Sweden (NBHW),spring 2021,0,85+,498,264173.25,1.88512652208352
618,Sweden,Sweden (NBHW),spring 2021,1,0-49,12,3114704.0,0.00385269354648146
619,Sweden,Sweden (NBHW),spring 2021,1,50-59,30,648552.75,0.046256838784509
620,Sweden,Sweden (NBHW),spring 2021,1,60-69,61,555645.0,0.109782325045668
621,Sweden,Sweden (NBHW),spring 2021,1,70-74,77,280609.0,0.274403173098511
622,Sweden,Sweden (NBHW),spring 2021,1,75-84,235,397303.75,0.591486992005487
623,Sweden,Sweden (NBHW),spring 2021,1,85+,235,168426.25,1.39526944285704
624,Sweden,Sweden (NBHW),spring 2021,2,0-49,24,3303503.75,0.00726501369946984
625,Sweden,Sweden (NBHW),spring 2021,2,50-59,68,665664.5,0.102153562342592
626,Sweden,Sweden (NBHW),spring 2021,2,60-69,182,551332.25,0.330109475729018
627,Sweden,Sweden (NBHW),spring 2021,2,70-74,162,266382.75,0.608147487027595
628,Sweden,Sweden (NBHW),spring 2021,2,75-84,424,349681.75,1.21253110864379
629,Sweden,Sweden (NBHW),spring 2021,2,85+,263,95747.0,2.74682235474741
630,Sweden,Sweden (NBHW),summer 2020,0,0-49,16,6403853.5,0.00249849563235636
631,Sweden,Sweden (NBHW),summer 2020,0,50-59,52,1304054.0,0.0398756493212704
632,Sweden,Sweden (NBHW),summer 2020,0,60-69,140,1107199.0,0.126445200907877
633,Sweden,Sweden (NBHW),summer 2020,0,70-74,148,555516.0,0.266418969030595
634,Sweden,Sweden (NBHW),summer 2020,0,75-84,510,719846.5,0.708484378266755
635,Sweden,Sweden (NBHW),summer 2020,0,85+,862,262973.0,3.27790305468622
636,Sweden,Sweden (NBHW),summer 2020,1,0-49,6,3107883.5,0.00193057429597988
637,Sweden,Sweden (NBHW),summer 2020,1,50-59,15,643450.0,0.0233118346413863
638,Sweden,Sweden (NBHW),summer 2020,1,60-69,35,555886.0,0.0629625498753341
639,Sweden,Sweden (NBHW),summer 2020,1,70-74,39,284702.5,0.136985098479992
640,Sweden,Sweden (NBHW),summer 2020,1,75-84,191,383836.5,0.497607705364133
641,Sweden,Sweden (NBHW),summer 2020,1,85+,503,168353.0,2.98776974571288
642,Sweden,Sweden (NBHW),summer 2020,2,0-49,10,3295970.0,0.00303400819789015
643,Sweden,Sweden (NBHW),summer 2020,2,50-59,37,660604.0,0.0560093490199878
644,Sweden,Sweden (NBHW),summer 2020,2,60-69,105,551313.0,0.190454424256275
645,Sweden,Sweden (NBHW),summer 2020,2,70-74,109,270813.5,0.402491013188043
646,Sweden,Sweden (NBHW),summer 2020,2,75-84,319,336010.0,0.949376506651588
647,Sweden,Sweden (NBHW),summer 2020,2,85+,359,94620.0,3.79412386387656
648,Sweden,Sweden (NBHW),summer 2021,0,0-49,18,6424677.5,0.00280169705016322
649,Sweden,Sweden (NBHW),summer 2021,0,50-59,47,1318189.5,0.035654964631413
650,Sweden,Sweden (NBHW),summer 2021,0,60-69,91,1107994.5,0.0821303715857795
651,Sweden,Sweden (NBHW),summer 2021,0,70-74,71,543366.5,0.130666870335216
652,Sweden,Sweden (NBHW),summer 2021,0,75-84,115,755926.0,0.152131293274739
653,Sweden,Sweden (NBHW),summer 2021,0,85+,69,265656.5,0.259733904496973
654,Sweden,Sweden (NBHW),summer 2021,1,0-49,6,3117799.0,0.00192443451293685
655,Sweden,Sweden (NBHW),summer 2021,1,50-59,10,650553.5,0.0153715259390657
656,Sweden,Sweden (NBHW),summer 2021,1,60-69,28,556002.0,0.0503595310808235
657,Sweden,Sweden (NBHW),summer 2021,1,70-74,23,278834.0,0.0824863538879764
658,Sweden,Sweden (NBHW),summer 2021,1,75-84,35,401751.5,0.0871185297379101
659,Sweden,Sweden (NBHW),summer 2021,1,85+,33,169093.5,0.19515829999379
660,Sweden,Sweden (NBHW),summer 2021,2,0-49,12,3306878.5,0.00362879978807809
661,Sweden,Sweden (NBHW),summer 2021,2,50-59,37,667636.0,0.0554194201630829
662,Sweden,Sweden (NBHW),summer 2021,2,60-69,63,551992.5,0.114131985488933
663,Sweden,Sweden (NBHW),summer 2021,2,70-74,48,264532.5,0.18145218451419
664,Sweden,Sweden (NBHW),summer 2021,2,75-84,80,354174.5,0.225877357065514
665,Sweden,Sweden (NBHW),summer 2021,2,85+,36,96563.0,0.372813603554156
666,Sweden,Sweden (NBHW),winter 2020-2021,0,0-49,30,6411738.0,0.00467891857090854
667,Sweden,Sweden (NBHW),winter 2020-2021,0,50-59,81,1310245.0,0.0618204992196116
668,Sweden,Sweden (NBHW),winter 2020-2021,0,60-69,237,1105960.0,0.214293464501429
669,Sweden,Sweden (NBHW),winter 2020-2021,0,70-74,389,550617.0,0.706480184956149
670,Sweden,Sweden (NBHW),winter 2020-2021,0,75-84,1655,738045.0,2.24241069311492
671,Sweden,Sweden (NBHW),winter 2020-2021,0,85+,2724,262690.0,10.3696372149682
672,Sweden,Sweden (NBHW),winter 2020-2021,1,0-49,12,3111609.0,0.00385652567530175
673,Sweden,Sweden (NBHW),winter 2020-2021,1,50-59,24,646552.0,0.0371199841621401
674,Sweden,Sweden (NBHW),winter 2020-2021,1,60-69,68,555288.0,0.122458976242959
675,Sweden,Sweden (NBHW),winter 2020-2021,1,70-74,137,282384.0,0.485154966287042
676,Sweden,Sweden (NBHW),winter 2020-2021,1,75-84,670,392856.0,1.70545950679129
677,Sweden,Sweden (NBHW),winter 2020-2021,1,85+,1472,167759.0,8.77449197956592
678,Sweden,Sweden (NBHW),winter 2020-2021,2,0-49,18,3300129.0,0.00545433223973972
679,Sweden,Sweden (NBHW),winter 2020-2021,2,50-59,57,663693.0,0.0858830814849637
680,Sweden,Sweden (NBHW),winter 2020-2021,2,60-69,169,550672.0,0.30689775401691
681,Sweden,Sweden (NBHW),winter 2020-2021,2,70-74,252,268233.0,0.939481719251546
682,Sweden,Sweden (NBHW),winter 2020-2021,2,75-84,985,345189.0,2.85350923696873
683,Sweden,Sweden (NBHW),winter 2020-2021,2,85+,1252,94931.0,13.1885264033877
684,Sweden,Sweden (NBHW),winter 2021-2022,0,0-49,21,6437617.0,0.00326207663487902
685,Sweden,Sweden (NBHW),winter 2021-2022,0,50-59,37,1326134.0,0.0279006495572846
686,Sweden,Sweden (NBHW),winter 2021-2022,0,60-69,97,1110029.0,0.0873851043531295
687,Sweden,Sweden (NBHW),winter 2021-2022,0,70-74,102,536116.0,0.190257332368368
688,Sweden,Sweden (NBHW),winter 2021-2022,0,75-84,414,773807.0,0.53501712959433
689,Sweden,Sweden (NBHW),winter 2021-2022,0,85+,589,268623.0,2.19266406822945
690,Sweden,Sweden (NBHW),winter 2021-2022,1,0-49,10,3123989.0,0.003201035599037
691,Sweden,Sweden (NBHW),winter 2021-2022,1,50-59,13,654555.0,0.0198608214741313
692,Sweden,Sweden (NBHW),winter 2021-2022,1,60-69,33,556716.0,0.0592761839070549
693,Sweden,Sweden (NBHW),winter 2021-2022,1,70-74,29,275284.0,0.105345752023365
694,Sweden,Sweden (NBHW),winter 2021-2022,1,75-84,162,410647.0,0.394499411903655
695,Sweden,Sweden (NBHW),winter 2021-2022,1,85+,293,170428.0,1.71920107024667
696,Sweden,Sweden (NBHW),winter 2021-2022,2,0-49,11,3313628.0,0.00331962429095843
697,Sweden,Sweden (NBHW),winter 2021-2022,2,50-59,24,671579.0,0.0357366743153077
698,Sweden,Sweden (NBHW),winter 2021-2022,2,60-69,64,553313.0,0.115666901012628
699,Sweden,Sweden (NBHW),winter 2021-2022,2,70-74,73,260832.0,0.279873635136793
700,Sweden,Sweden (NBHW),winter 2021-2022,2,75-84,252,363160.0,0.693909020817271
701,Sweden,Sweden (NBHW),winter 2021-2022,2,85+,296,98195.0,3.01441010234737
702,United States,United States (NCHS),autumn 2020,0,0-24,169,104880000.0,0.00161136536994661
703,United States,United States (NCHS),autumn 2020,0,25-44,2021,88801000.0,0.0227587527167487
704,United States,United States (NCHS),autumn 2020,0,45-64,14260,84615000.0,0.168528038763813
705,United States,United States (NCHS),autumn 2020,0,65-74,20027,32455000.0,0.61706978893853
706,United States,United States (NCHS),autumn 2020,0,75-84,27063,15785000.0,1.7144757681343
707,United States,United States (NCHS),autumn 2020,0,85+,30384,6063000.0,5.01138050470064
708,United States,United States (NCHS),autumn 2020,1,0-24,77,51266000.0,0.00150197011664651
709,United States,United States (NCHS),autumn 2020,1,25-44,770,43947000.0,0.017521104967347
710,United States,United States (NCHS),autumn 2020,1,45-64,5201,42776000.0,0.121586871142697
711,United States,United States (NCHS),autumn 2020,1,65-74,7860,17143000.0,0.458496179198507
712,United States,United States (NCHS),autumn 2020,1,75-84,11702,8809000.0,1.32841412192076
713,United States,United States (NCHS),autumn 2020,1,85+,17111,3885000.0,4.4043758043758
714,United States,United States (NCHS),autumn 2020,2,0-24,92,53613000.0,0.00171600171600172
715,United States,United States (NCHS),autumn 2020,2,25-44,1251,44851000.0,0.0278923546855143
716,United States,United States (NCHS),autumn 2020,2,45-64,9059,41839000.0,0.216520471330577
717,United States,United States (NCHS),autumn 2020,2,65-74,12166,15313000.0,0.794488343237772
718,United States,United States (NCHS),autumn 2020,2,75-84,15361,6977000.0,2.20166260570446
719,United States,United States (NCHS),autumn 2020,2,85+,13272,2178000.0,6.09366391184573
720,United States,United States (NCHS),autumn 2021,0,0-24,910,104880000.0,0.00867658276125095
721,United States,United States (NCHS),autumn 2021,0,25-44,11371,88801000.0,0.128050359793246
722,United States,United States (NCHS),autumn 2021,0,45-64,46485,84615000.0,0.549370678957632
723,United States,United States (NCHS),autumn 2021,0,65-74,35571,32455000.0,1.09600985980589
724,United States,United States (NCHS),autumn 2021,0,75-84,30097,15785000.0,1.9066835603421
725,United States,United States (NCHS),autumn 2021,0,85+,22612,6063000.0,3.72950684479631
726,United States,United States (NCHS),autumn 2021,1,0-24,373,51266000.0,0.00727577731830063
727,United States,United States (NCHS),autumn 2021,1,25-44,4524,43947000.0,0.102942180353608
728,United States,United States (NCHS),autumn 2021,1,45-64,18202,42776000.0,0.425518982607069
729,United States,United States (NCHS),autumn 2021,1,65-74,15452,17143000.0,0.901359155340372
730,United States,United States (NCHS),autumn 2021,1,75-84,13381,8809000.0,1.51901464411397
731,United States,United States (NCHS),autumn 2021,1,85+,12085,3885000.0,3.11068211068211
732,United States,United States (NCHS),autumn 2021,2,0-24,537,53613000.0,0.0100162274075318
733,United States,United States (NCHS),autumn 2021,2,25-44,6847,44851000.0,0.152661033198814
734,United States,United States (NCHS),autumn 2021,2,45-64,28283,41839000.0,0.675996080212242
735,United States,United States (NCHS),autumn 2021,2,65-74,20118,15313000.0,1.31378567230458
736,United States,United States (NCHS),autumn 2021,2,75-84,16716,6977000.0,2.39587215135445
737,United States,United States (NCHS),autumn 2021,2,85+,10527,2178000.0,4.83333333333333
738,United States,United States (NCHS),spring 2020,0,0-24,178,104880000.0,0.00169717772692601
739,United States,United States (NCHS),spring 2020,0,25-44,2725,88801000.0,0.0306865913672143
740,United States,United States (NCHS),spring 2020,0,45-64,18681,84615000.0,0.220776458074809
741,United States,United States (NCHS),spring 2020,0,65-74,23081,32455000.0,0.711169311354183
742,United States,United States (NCHS),spring 2020,0,75-84,29217,15785000.0,1.85093443142224
743,United States,United States (NCHS),spring 2020,0,85+,36386,6063000.0,6.00131947880587
744,United States,United States (NCHS),spring 2020,1,0-24,60,51266000.0,0.00117036632465962
745,United States,United States (NCHS),spring 2020,1,25-44,791,43947000.0,0.0179989532846383
746,United States,United States (NCHS),spring 2020,1,45-64,6068,42776000.0,0.141855245932298
747,United States,United States (NCHS),spring 2020,1,65-74,8678,17143000.0,0.506212448229598
748,United States,United States (NCHS),spring 2020,1,75-84,13181,8809000.0,1.49631059144057
749,United States,United States (NCHS),spring 2020,1,85+,22156,3885000.0,5.7029601029601
750,United States,United States (NCHS),spring 2020,2,0-24,118,53613000.0,0.00220095872269785
751,United States,United States (NCHS),spring 2020,2,25-44,1934,44851000.0,0.0431205547256471
752,United States,United States (NCHS),spring 2020,2,45-64,12613,41839000.0,0.301465140180215
753,United States,United States (NCHS),spring 2020,2,65-74,14402,15313000.0,0.940508065042774
754,United States,United States (NCHS),spring 2020,2,75-84,16035,6977000.0,2.29826573025656
755,United States,United States (NCHS),spring 2020,2,85+,14229,2178000.0,6.53305785123967
756,United States,United States (NCHS),spring 2021,0,0-24,209,104880000.0,0.00199275362318841
757,United States,United States (NCHS),spring 2021,0,25-44,2297,88801000.0,0.0258668258240335
758,United States,United States (NCHS),spring 2021,0,45-64,14062,84615000.0,0.166188028127401
759,United States,United States (NCHS),spring 2021,0,65-74,13891,32455000.0,0.428008011092282
760,United States,United States (NCHS),spring 2021,0,75-84,13214,15785000.0,0.837123851757998
761,United States,United States (NCHS),spring 2021,0,85+,10838,6063000.0,1.78756391225466
762,United States,United States (NCHS),spring 2021,1,0-24,90,51266000.0,0.00175554948698943
763,United States,United States (NCHS),spring 2021,1,25-44,938,43947000.0,0.0213438915056773
764,United States,United States (NCHS),spring 2021,1,45-64,5426,42776000.0,0.12684682999813
765,United States,United States (NCHS),spring 2021,1,65-74,5918,17143000.0,0.345213789885084
766,United States,United States (NCHS),spring 2021,1,75-84,5856,8809000.0,0.664774662277216
767,United States,United States (NCHS),spring 2021,1,85+,5927,3885000.0,1.52561132561133
768,United States,United States (NCHS),spring 2021,2,0-24,119,53613000.0,0.00221961091526309
769,United States,United States (NCHS),spring 2021,2,25-44,1359,44851000.0,0.0303003277518896
770,United States,United States (NCHS),spring 2021,2,45-64,8635,41839000.0,0.206386385907885
771,United States,United States (NCHS),spring 2021,2,65-74,7972,15313000.0,0.520603408868282
772,United States,United States (NCHS),spring 2021,2,75-84,7357,6977000.0,1.05446466962878
773,United States,United States (NCHS),spring 2021,2,85+,4910,2178000.0,2.25436179981635
774,United States,United States (NCHS),summer 2020,0,0-24,268,104880000.0,0.00255530129672006
775,United States,United States (NCHS),summer 2020,0,25-44,2733,88801000.0,0.0307766804427878
776,United States,United States (NCHS),summer 2020,0,45-64,15745,84615000.0,0.186078118536902
777,United States,United States (NCHS),summer 2020,0,65-74,17567,32455000.0,0.541272531197042
778,United States,United States (NCHS),summer 2020,0,75-84,20433,15785000.0,1.29445676274945
779,United States,United States (NCHS),summer 2020,0,85+,21609,6063000.0,3.56407718951014
780,United States,United States (NCHS),summer 2020,1,0-24,109,51266000.0,0.00212616548979831
781,United States,United States (NCHS),summer 2020,1,25-44,956,43947000.0,0.0217534757776413
782,United States,United States (NCHS),summer 2020,1,45-64,5652,42776000.0,0.132130166448476
783,United States,United States (NCHS),summer 2020,1,65-74,6949,17143000.0,0.405354955375372
784,United States,United States (NCHS),summer 2020,1,75-84,9149,8809000.0,1.03859688954478
785,United States,United States (NCHS),summer 2020,1,85+,12745,3885000.0,3.28056628056628
786,United States,United States (NCHS),summer 2020,2,0-24,159,53613000.0,0.00296569861787253
787,United States,United States (NCHS),summer 2020,2,25-44,1777,44851000.0,0.0396200753606386
788,United States,United States (NCHS),summer 2020,2,45-64,10092,41839000.0,0.241210353975955
789,United States,United States (NCHS),summer 2020,2,65-74,10618,15313000.0,0.693397766603539
790,United States,United States (NCHS),summer 2020,2,75-84,11283,6977000.0,1.61717070374086
791,United States,United States (NCHS),summer 2020,2,85+,8863,2178000.0,4.06932966023875
792,United States,United States (NCHS),summer 2021,0,0-24,380,104880000.0,0.0036231884057971
793,United States,United States (NCHS),summer 2021,0,25-44,4103,88801000.0,0.0462044346347451
794,United States,United States (NCHS),summer 2021,0,45-64,15936,84615000.0,0.188335401524552
795,United States,United States (NCHS),summer 2021,0,65-74,11797,32455000.0,0.363487906331844
796,United States,United States (NCHS),summer 2021,0,75-84,10570,15785000.0,0.669623059866962
797,United States,United States (NCHS),summer 2021,0,85+,7960,6063000.0,1.31288141184232
798,United States,United States (NCHS),summer 2021,1,0-24,176,51266000.0,0.00343307455233488
799,United States,United States (NCHS),summer 2021,1,25-44,1588,43947000.0,0.0361344346599313
800,United States,United States (NCHS),summer 2021,1,45-64,6337,42776000.0,0.148143818963905
801,United States,United States (NCHS),summer 2021,1,65-74,5105,17143000.0,0.297789185090124
802,United States,United States (NCHS),summer 2021,1,75-84,4831,8809000.0,0.54841639232603
803,United States,United States (NCHS),summer 2021,1,85+,4327,3885000.0,1.11377091377091
804,United States,United States (NCHS),summer 2021,2,0-24,204,53613000.0,0.00380504728330815
805,United States,United States (NCHS),summer 2021,2,25-44,2515,44851000.0,0.05607455798087
806,United States,United States (NCHS),summer 2021,2,45-64,9599,41839000.0,0.22942708955759
807,United States,United States (NCHS),summer 2021,2,65-74,6692,15313000.0,0.437014301573826
808,United States,United States (NCHS),summer 2021,2,75-84,5739,6977000.0,0.822559839472553
809,United States,United States (NCHS),summer 2021,2,85+,3633,2178000.0,1.66804407713499
810,United States,United States (NCHS),winter 2020-2021,0,0-24,415,104880000.0,0.00395690312738368
811,United States,United States (NCHS),winter 2020-2021,0,25-44,5374,88801000.0,0.0605173365164807
812,United States,United States (NCHS),winter 2020-2021,0,45-64,42095,84615000.0,0.497488624948295
813,United States,United States (NCHS),winter 2020-2021,0,65-74,57478,32455000.0,1.77100600831921
814,United States,United States (NCHS),winter 2020-2021,0,75-84,72916,15785000.0,4.61932214127336
815,United States,United States (NCHS),winter 2020-2021,0,85+,77735,6063000.0,12.8212106218044
816,United States,United States (NCHS),winter 2020-2021,1,0-24,164,51266000.0,0.00319900128740296
817,United States,United States (NCHS),winter 2020-2021,1,25-44,1990,43947000.0,0.045281816733793
818,United States,United States (NCHS),winter 2020-2021,1,45-64,15147,42776000.0,0.354100430147746
819,United States,United States (NCHS),winter 2020-2021,1,65-74,22162,17143000.0,1.29277256022866
820,United States,United States (NCHS),winter 2020-2021,1,75-84,31213,8809000.0,3.54330798047451
821,United States,United States (NCHS),winter 2020-2021,1,85+,43674,3885000.0,11.2416988416988
822,United States,United States (NCHS),winter 2020-2021,2,0-24,251,53613000.0,0.00468170033387425
823,United States,United States (NCHS),winter 2020-2021,2,25-44,3384,44851000.0,0.0754498227464271
824,United States,United States (NCHS),winter 2020-2021,2,45-64,26947,41839000.0,0.644064150672817
825,United States,United States (NCHS),winter 2020-2021,2,65-74,35316,15313000.0,2.30627571344609
826,United States,United States (NCHS),winter 2020-2021,2,75-84,41702,6977000.0,5.97706750752472
827,United States,United States (NCHS),winter 2020-2021,2,85+,34061,2178000.0,15.6386593204775
828,United States,United States (NCHS),winter 2021-2022,0,0-24,723,104880000.0,0.00689359267734554
829,United States,United States (NCHS),winter 2021-2022,0,25-44,7331,88801000.0,0.0825553766286416
830,United States,United States (NCHS),winter 2021-2022,0,45-64,40324,84615000.0,0.476558529811499
831,United States,United States (NCHS),winter 2021-2022,0,65-74,42704,32455000.0,1.31579109536281
832,United States,United States (NCHS),winter 2021-2022,0,75-84,45507,15785000.0,2.88292682926829
833,United States,United States (NCHS),winter 2021-2022,0,85+,40192,6063000.0,6.62906152069932
834,United States,United States (NCHS),winter 2021-2022,1,0-24,325,51266000.0,0.00633948425857293
835,United States,United States (NCHS),winter 2021-2022,1,25-44,2847,43947000.0,0.0647825790156325
836,United States,United States (NCHS),winter 2021-2022,1,45-64,15505,42776000.0,0.362469609126613
837,United States,United States (NCHS),winter 2021-2022,1,65-74,17723,17143000.0,1.03383305139124
838,United States,United States (NCHS),winter 2021-2022,1,75-84,19608,8809000.0,2.22590532410035
839,United States,United States (NCHS),winter 2021-2022,1,85+,20721,3885000.0,5.33359073359073
840,United States,United States (NCHS),winter 2021-2022,2,0-24,393,53613000.0,0.00733031167813776
841,United States,United States (NCHS),winter 2021-2022,2,25-44,4418,44851000.0,0.0985039352522798
842,United States,United States (NCHS),winter 2021-2022,2,45-64,24459,41839000.0,0.584598102249098
843,United States,United States (NCHS),winter 2021-2022,2,65-74,24597,15313000.0,1.6062822438451
844,United States,United States (NCHS),winter 2021-2022,2,75-84,25468,6977000.0,3.65027948975204
845,United States,United States (NCHS),winter 2021-2022,2,85+,19042,2178000.0,8.74288337924702
